user_agent,label
Mozilla/5.0 (Linux; Android 7.0; SM-G892A Build/NRD90M; wv) AppleWebKit/537.36 (KHTML like Gecko) Version/4.0 Chrome/60.0.3112.107 Mobile Safari/537.36,100
ALittle Client,100
Mozilla/5.0 (Windows NT 6.3; Win64; x64) AppleWebKit/537.36 (KHTML like Gecko) Chrome/68.0.3440.106 Safari/537.36,1
Mozilla/5.0 (Windows NT 6.3; WOW64) AppleWebKit/537.36 (KHTML like Gecko) Chrome/46.0.2490.80 Safari/537.36,1
Mozilla/5.0 (Windows NT 10.0; WOW64) AppleWebKit/537.36 (KHTML like Gecko) Chrome/57.0.2987.133 Safari/537.36,1
Mozilla/5.0,100
Python-urllib/3.8,100
Hello,100
Go-http-client/1.1,100
Hello World,100
Mozilla/5.0 (Windows NT 10.0; Win64; x64; Xbox; Xbox One) AppleWebKit/537.36 (KHTML like Gecko) Chrome/68.0.3440.84 Safari/537.36,100
Mozilla/5.0 (Windows NT 10.0; Win64; x64) AppleWebKit/537.36 (KHTML like Gecko) Chrome/68.0.3440.106 Safari/537.36,1
Mozilla/5.0 (Windows NT 10.0; WOW64) AppleWebKit/537.36 (KHTML like Gecko) Chrome/57.0.2987.133 Safari/537.36,1
Mozilla/5.0 (Macintosh; Intel Mac OS X 12_5) AppleWebKit/537.36 (KHTML like Gecko) Chrome/60.0.3112.90 Safari/537.36,1
Mozilla/5.0 (Macintosh; Intel Mac OS X 12_5) AppleWebKit/605.1.15 (KHTML like Gecko) Version/11.1 Safari/605.1.15,1
01h4x.com,100
360Spider,100
404checker,100
404enemy,100
80legs,100
ADmantX,100
AIBOT,100
ALittle Client,100
ASPSeek,100
Abonti,100
Aboundex,100
Aboundexbot,100
Acunetix,100
AdsTxtCrawlerTP,100
AfD-Verbotsverfahren,100
AhrefsBot,100
AiHitBot,100
Aipbot,100
Alexibot,100
AllSubmitter,100
Mozilla/5.0+(compatible; UptimeRobot/2.0; http://www.uptimerobot.com/), 100
Wordfence Central API v1.0, 100
Mozilla/5.0 (Windows NT 10.0; Win64; x64) AppleWebKit/537.36 (KHTML like Gecko) Chrome/114.0.0.0 Safari/537.36 Edg/114.0.1823.67, 1
Mozilla/5.0 (Windows NT 10.0; WOW64) AppleWebKit/537.36 (KHTML like Gecko) Chrome/79.0.3945.0 Safari/537.36, 1
Mozilla/5.0 (compatible; Googlebot/2.1; +http://www.google.com/bot.html),100 
Mozilla/5.0 (Windows NT 10.0; Win64; x64) AppleWebKit/537.36 (KHTML like Gecko) Chrome/115.0.0.0 Safari/537.36 Edg/115.0.1901.188, 1
Mozilla/5.0 (Windows NT 10.0; Win64; x64) AppleWebKit/537.36 (KHTML like Gecko) Chrome/107.0.0.0 Safari/537.36 Edg/107.0.1418.26, 1
Mozilla/5.0 (compatible; SemrushBot/7~bl; +http://www.semrush.com/bot.html), 100
Mozilla/5.0 AppleWebKit/537.36 (KHTML like Gecko; compatible; Googlebot/2.1; +http://www.google.com/bot.html) Chrome/114.0.5735.179 Safari/537.36, 100
Mozilla/5.0 (Linux; Android 6.0.1; Nexus 5X Build/MMB29P) AppleWebKit/537.36 (KHTML like Gecko) Chrome/114.0.5735.179 Mobile Safari/537.36 (compatible; Googlebot/2.1; +http://www.google.com/bot.html), 100
Mozilla/5.0 (Windows NT 6.1) AppleWebKit/537.36 (KHTML like Gecko) Chrome/58.0.2991.0 Safari/537.36, 100
python-requests/2.26.0, 100
Mozilla/5.0 (X11; Linux x86_64) AppleWebKit/537.36 (KHTML like Gecko) HeadlessChrome/96.0.4664.45 Safari/537.36, 1
Mozilla/5.0 (Windows NT 10.0; Win64; x64) AppleWebKit/537.36 (KHTML like Gecko) Chrome/111.0.0.0 Safari/537.36, 1
Mozilla/5.0 (X11; Linux x86_64) AppleWebKit/537.36 (KHTML, like Gecko) HeadlessChrome/111.0.5563.110 Safari/537.36,1 
Mozilla/5.0 (Windows NT 10.0; Win64; x64) AppleWebKit/537.36 (KHTML like Gecko) Chrome/55.0.2883.87 Safari/537.36, 1
Mozilla/5.0 (Windows NT 10.0; Win64; x64) AppleWebKit/537.36 (KHTML like Gecko) Chrome/113.0.0.0 Safari/537.36, 1
Mozilla/5.0 (Windows NT 10.0; Win64; x64) AppleWebKit/537.36 (KHTML like Gecko) Chrome/114.0.0.0 Safari/537.36, 1
Mozilla/5.0 (Windows NT 10.0; Win64; x64) AppleWebKit/537.36 (KHTML like Gecko) Chrome/115.0.0.0 Safari/537.36 Edg/115.0.1901.183,1 
Mozilla/5.0 (Windows NT 10.0; Win64; x64) AppleWebKit/537.36 (KHTML like Gecko) Chrome/115.0.0.0 Safari/537.36,1 
Mozilla/5.0 (Linux; Android 12; SAMSUNG SM-T860) AppleWebKit/537.36 (KHTML like Gecko) SamsungBrowser/22.0 Chrome/111.0.5563.116 Safari/537.36, 100
Mozilla/5.0 (Windows NT 6.1; Win64; x64) AppleWebKit/537.36 (KHTML like Gecko) Chrome/80.0.3987.132 Safari/537.36, 100
facebookexternalhit/1.1 (+http://www.facebook.com/externalhit_uatext.php), 100
Mozilla/5.0 (Macintosh; Intel Mac OS X 10.15; rv:77.0) Gecko/20100101 Firefox/77.0, 1
Mozilla/5.0 (Windows NT 10.0; Win64; x64; rv:109.0) Gecko/20100101 Firefox/113.0, 1
python-requests/2.27.1, 100
Mozilla/5.0 (Windows NT 10.0; WOW64) AppleWebKit/537.36 (KHTML like Gecko) Chrome/114.0.0.0 Safari/537.36 Vivaldi/6.1.3035.111., 1
Mozilla/5.0 AppleWebKit/537.36 (KHTML like Gecko; compatible; bingbot/2.0; +http://www.bing.com/bingbot.htm) Chrome/103.0.5060.134 Safari/537.36, 100
Mozilla/5.0 (Macintosh; Intel Mac OS X 10_15_7) AppleWebKit/537.36 (KHTML like Gecko) Chrome/113.0.0.0 Safari/537.36, 1
Mozilla/5.0 (Windows NT 10.0; Win64; x64) AppleWebKit/537.36 (KHTML like Gecko) Chrome/109.0.0.0 Safari/537.36, 1
Mozilla/5.0 (Windows NT 10.0; Win64; x64) AppleWebKit/537.36 (KHTML like Gecko) Chrome/95.0.4638.69 Safari/537.36, 1
Mozilla/5.0 (compatible; InternetMeasurement/1.0; +https://internet-measurement.com/), 100
Mozilla/5.0 (X11; Linux x86_64) AppleWebKit/537.36 (KHTML like Gecko) Chrome/108.0.0.0 Safari/537.36, 1
Mozilla/5.0 (Windows NT 10.0; Win64; x64) AppleWebKit/537.36 (KHTML like Gecko) Chrome/78.0.3904.108 Safari/537.36,1 
Mozilla/5.0 (Linux; Android 11; SAMSUNG SM-T515) AppleWebKit/537.36 (KHTML like Gecko) SamsungBrowser/22.0 Chrome/111.0.5563.116 Safari/537.36, 1
Mozilla/5.0 (Windows NT 10.0; Win64; x64) AppleWebKit/537.36 (KHTML like Gecko) Chrome/114.0.0.0 Safari/537.36 Edg/114.0.1823.51, 1
Mozilla/5.0 (Windows NT 10.0; Win64; x64; rv:66.0) Gecko/20100101 Firefox/66.0, 1
Mozilla/5.0 (compatible; CensysInspect/1.1; +https://about.censys.io/), 100
Mozilla/5.0 (Windows NT 10.0; Win64; x64) AppleWebKit/537.36 (KHTML like Gecko) Chrome/113.0.0.0 Safari/537.36 Edg/113.0.1774.42, 1
Mozilla/5.0 (Windows NT 10.0; Win64; x64) AppleWebKit/537.36 (KHTML like Gecko) Chrome/114.0.0.0 Safari/537.36 Edg/114.0.1823.82, 1
Mozilla/5.0 (compatible; AhrefsBot/7.0; +http://ahrefs.com/robot/), 100
Mozilla/5.0 (Windows NT 10.0; Win64; x64) AppleWebKit/537.36 (KHTML like Gecko) Chrome/114.0.0.0 Safari/537.36 Edg/114.0.1823.43,1 
Mozilla/5.0 (compatible; YandexBot/3.0; +http://yandex.com/bots), 100
Mozilla/5.0 (Macintosh; Intel Mac OS X 10.11; rv:52.0) Gecko/20100101 Firefox/52.0, 1
Mozilla/5.0 (Windows NT 10.0; Win64; x64) AppleWebKit/537.36 (KHTML like Gecko) Chrome/103.0.5060.134 Safari/537.36 Edg/103.0.1264.71, 1
Cloudflare-SSLDetector, 100
Mozilla/5.0 (Windows NT 10.0; Win64; x64) AppleWebKit/537.36 (KHTML, like Gecko) Chrome/114.0.0.0 Safari/537.36 Edg/114.0.1823.79, 1
Mozlila/5.0 (Linux; Android 7.0; SM-G892A Bulid/NRD90M; wv) AppleWebKit/537.36 (KHTML like Gecko) Version/4.0 Chrome/60.0.3112.107 Moblie Safari/537.36, 1
Mozilla/5.0 (Windows NT 6.1) AppleWebKit/537.36 (KHTML like Gecko) Chrome/41.0.2228.0 Safari/537.36,1
Mozilla/5.0 (Macintosh; Intel Mac OS X 10_15_7) AppleWebKit/537.36 (KHTML like Gecko) Chrome/114.0.0.0 Safari/537.36,1 
Mozilla/5.0 (Macintosh; Intel Mac OS X 10_11_6) AppleWebKit/537.36 (KHTML like Gecko) Chrome/56.0.2924.87 Safari/537.36, 1
Mozilla/5.0 (Windows NT 6.1; Win64; x64) AppleWebKit/537.36 (KHTML like Gecko)Chrome/74.0.3729.169 Safari/537.36, 1
firefox, 100
Mozilla/5.0 (Windows NT 6.1; Win64; x64) AppleWebKit/537.36 (KHTML like Gecko) Chrome/103.0.0.0 Safari/537.36, 1
Mozilla/5.0 (Macintosh; Intel Mac OS X 10_15_5) AppleWebKit/605.1.15 (KHTML like Gecko) Version/13.1.1 Safari/605.1.15 (Applebot/0.1; +http://www.apple.com/go/applebot), 100
Mozilla/5.0 (Linux; Android 7.0; SM-G892A Bulid/NRD90M; wv) AppleWebKit/537.36 (KHTML like Gecko) Version/4.0 Chrome/60.0.3112.107 Moblie Safari/537.36, 1
Mozilla/4.0 (compatible; MSIE 6.0; Windows NT 5.1), 100
Mozilla/5.0 (Windows NT 10.0; Win64; x64) AppleWebKit/537.36 (KHTML like Gecko) Chrome/109.0.0.0 Safari/537.36 Edg/109.0.1518.61, 1
python-requests/2.31.0, 100
curl/7.68.0, 100
-, 100
Mozilla/5.0 (Windows NT 10.0; Win64; x64) AppleWebKit/537.36 (KHTML like Gecko) Chrome/98.0.4758.82 Safari/537.36 OPR/84.0.4316.14, 1
Mozilla/5.0 (iPhone; CPU iPhone OS 16_5_1 like Mac OS X) AppleWebKit/605.1.15 (KHTML like Gecko) Mobile/15E148, 1
Mozilla/5.0 (Macintosh; Intel Mac OS X 12_5) AppleWebKit/537.36 (KHTML like Gecko) Chrome/114.0.0.0 Safari/537.36 OPR/89.0.4447.51, 1
Mozilla/5.0 (Windows NT 10.0; Win64; x64) AppleWebKit/537.36 (KHTML like Gecko) Chrome/103.0.5060.134 Safari/537.36 Edg/103.0.1264.77, 1
Mozilla/5.0 (Windows NT 10.0; Win64; x64) AppleWebKit/537.36 (KHTML like Gecko) Chrome/51.0.2704.79 Safari/537.36 Edge/14.14393, 1
Mozilla/5.0 (Windows NT 10.0; Win64; x64)AppleWebKit/537.36 (KHTML like Gecko) Chrome/66.0.3359.181 Safari/537.36, 1
Mozilla/5.0 researchscan.comsys.rwth-aachen.de, 100
Mozilla/5.0 (X11; Linux x86_64), 100
Mozilla/5.0 (Windows NT 10.0; Win64; x64) AppleWebKit/537.36 (KHTML like Gecko) Chrome/108.0.0.0 Safari/537.36 Edg/108.0.1462.46, 1
Mozilla/5.0 (Macintosh; Intel Mac OS X 10_15_7) AppleWebKit/537.36 (KHTML like Gecko) Chrome/92.0.4515.107 Safari/537.36 (compatible; +https://developers.cloudflare.com/security-center/), 100
Mozilla/6.4 (Windows NT 11.1) Gecko/2010102 Firefox/99.0,1 
Mozilla/5.0 (Linux; Android 13; Pixel 5 Build/TQ3A.230705.001; wv) AppleWebKit/537.36 (KHTML like Gecko) Version/4.0 Chrome/115.0.5790.138 Mobile Safari/537.36 Instagram 294.0.0.33.87 Android (33/13; 440dpi; 1080x2138; Google/google; Pixel 5; redfin; redfin; en_GB; 500160591), 100
Mozilla/5.0 (X11; Linux x86_64) AppleWebKit/537.36 (KHTML like Gecko) Chrome/105.0.0.0 Safari/537.36, 1
Mozilla/5.0 (Windows NT 10.0; Win64; x64) AppleWebKit/537.36 (KHTML like Gecko) Chrome/91.0.4472.114 Safari/537.36 Edg/91.0.864.54, 1
Mozilla/5.0 (Windows NT 10.0; Win64; x64) AppleWebKit/537.36 (KHTML like Gecko) Chrome/103.0.5060.134 Safari/537.36, 1
Mozilla/5.0 (Windows NT 6.3; WOW64) AppleWebKit/537.36 (KHTML like Gecko) Chrome/93.0.4577.82 Safari/537.36, 1
Expanse a Palo Alto Networks company searches across the global IPv4 space multiple times per day to identify customers&#39; presences on the Internet. If you would like to be excluded from our scans please send IP addresses/domains to: scaninfo@paloaltonetworks.com, 100
IonCrawl (https://www.ionos.de/terms-gtc/faq-crawler-en/), 100
Mozilla/5.0 AppleWebKit/537.36 (KHTML, like Gecko; compatible; bingbot/2.0; +http://www.bing.com/bingbot.htm) Chrome/112.0.0.0 Safari/537.36, 100
Mozilla/5.0 (Windows NT 10.0; Win64; x64) AppleWebKit/537.36 (KHTML like Gecko) Chrome/99.0.4844.84 Safari/537.36, 1
Mozilla/5.0 (Windows NT 10.0; Win64; x64; rv:98.0) Gecko/20100101 Firefox/98.0, 1
Mozilla/5.0 (X11; U; Linux i686; en-US; rv:0.9.3) Gecko/20010801, 100
Mozilla/5.0 (Linux; Android 13; RMX3151 Build/SP1A.210812.016; wv) AppleWebKit/537.36 (KHTML like Gecko) Version/4.0 Chrome/115.0.5790.138 Mobile Safari/537.36 Instagram 294.0.0.33.87 Android (33/13; 480dpi; 1080x2160; realme; RMX3151; RE54B4L1; mt6781; en_GB; 500160591), 100
Python/3.10 aiohttp/3.8.4, 100
cortex/1.0, 100
Mozilla/5.0 (Windows NT 10.0; Win64; x64; rv:108.0) Gecko/20100101 Firefox/108.0, 1
Mozilla/5.0 (iPhone; U; CPU iPhone OS 5_1_1 like Mac OS X; da-dk) AppleWebKit/534.46.0 (KHTML like Gecko) CriOS/19.0.1084.60 Mobile/9B206 Safari/7534.48.3, 1
Mozilla/5.0 (iPhone; CPU iPhone OS 16_5_1 like Mac OS X) AppleWebKit/605.1.15 (KHTML like Gecko) Version/16.5.2 Mobile/15E148 Safari/604.1,1
Mozilla/5.0 (compatible; NetcraftSurveyAgent/1.0; +info@netcraft.com), 100
Mozilla/5.0 (Windows NT 10.0; Win64; x64) AppleWebKit/537.36 (KHTML like Gecko) Chrome/80.0.3987.132 Safari/537.36,1 
Mozilla/5.0 (Windows NT 10.0; Win64; x64) AppleWebKit/537.36 (KHTML like Gecko; compatible; BW/1.1; bit.ly/2W6Px8S; dbc6533356) Chrome/84.0.4147.105 Safari/537.36, 100
Mozilla/5.0 (X11; Linux x86_64) AppleWebKit/537.36 (KHTML like Gecko) Chrome/114.0.0.0 Safari/537.36, 1
Mozilla/5.0 (X11; Linux x86_64) AppleWebKit/537.36 (KHTML like Gecko) Chrome/81.0.4044.129 Safari/537.36, 1
Mozilla/5.0 (Macintosh; Intel Mac OS X 10_7_4) AppleWebKit/537.1 (KHTML like Gecko) Chrome/21.0.1180.82 Safari/537.1, 1
Mozilla/5.0 (Windows NT 10.0; Win64; x64) AppleWebKit/537.36 (KHTML like Gecko) Chrome/64.0.3282.140 Safari/537.36 Edge/17.17134, 1
webprosbot/2.0 (+mailto:abuse-6337@webpros.com), 100
Mozilla/5.0 (Windows NT 10.0; Win64; x64) AppleWebKit/537.36 (KHTML like Gecko) Chrome/105.0.0.0 Safari/537.36, 1
httpClient, 1
Googlebot-Image/1.0, 100
Mozilla/5.0 (Windows NT 10.0; Win64; x64; rv:103.0) Gecko/20100101 Firefox/103.0, 1
Mozilla/5.0 (Windows NT 10.0; Win64; x64) AppleWebKit/537.36 (KHTML like Gecko) Chrome/79.0.3945.130 Safari/537.36, 1
Mozilla/5.0 (Windows NT 10.0; Win64; x64) AppleWebKit/537.36 (KHTML like Gecko) Chrome/115.0.0.0 Safari/537.36 Edg/115.0.1901.200, 1
Mozilla/5.0 (iPhone; CPU iPhone OS 13_2_3 like Mac OS X) AppleWebKit/605.1.15 (KHTML,like Gecko) Version/13.0.3 Mobile/15E148 Safari/604.1, 1
Mozilla/5.0 (X11; Fedora; Linux x86_64; rv:94.0) Gecko/20100101 Firefox/95.0, 1
Mozilla/5.0 (X11; Ubuntu; Linux i686; rv:28.0) Gecko/20100101 Firefox/28.0,1
Mozilla/5.0 (Windows NT 10.0; Win64; x64) AppleWebKit/537.36 (KHTML, like Gecko) Chrome/74.0.3729.157 Safari/537.36, 1
LinkedInBot/1.0 (compatible; Mozilla/5.0; Apache-HttpClient +http://www.linkedin.com), 100